Winter Non-Slip Chiffon Hijabs|19.9|gold|42|Made with slightly textured fabric to prevent slipping.|Taiwan|100
Fall-Non-Slip Chiffon Hijab|19.9|Pretty Pink|598|Made with slightly textured fabric to prevent slipping.|Taiwan|50
Summer-Non-Slip Chiffon Hijab|19.9|Charcoal Gray|201|Made with slightly textured to fabric prevent slipping.|Taiwan|50
Spring-Non-Slip Chiffon Hijab|19.9|Brown|150|Made with slightly textured fabric to prevent slipping.|Taiwan|50
Winter-Pearl-laced Hijab|25.99|Red|289|Decorated with fancy pearls for any occasion.|Turkey|50
Spring-Pearl-laced Hijab|25.99|Lavender|243|Decorated with fancy pearls for any occasion.|Turkey|50
Fall-Pearl-laced Hijab|25.99|Bright Orange|97|Decorated with fancy pearls for any occasion.|Turkey|50
Summer-Pearl-laced Hijab|25.99|Jade Green|668|Decorated with fancy pearls for any occasion.|Canada|50
Winter-Instant Jersey Hijab|10.99|Black|378|Easy to wear with no pins required.|Saudi Arabia|50
Fall-Instant Jersey Hijab|10.99|Burgundy|650|Easy to wear with no pins required.|Saudi Arabia|50
Summer-Instant Jersey Hijab|10.99|Denim|500|Easy to wear with no pins required.|Saudi Arabia|50
Spring-Instant Jersey Hijab|10.99|Light Mint|117|Easy to wear with no pins required.|Saudi Arabia|100
Spring-Enchanted Satin Hijab|26.99|Pearl Pink|87|Made with fully-opaque fabric with a brilliant shine for everyday glam.|Bangladesh|50
Fall-Enchanted Satin Hijab|26.99|Silver|97|Made with fully-opaque fabric with a brilliant shine for everyday glam.|Bangladesh|50
Winter-Enchanted Satin Hijab|26.99|Royal Blue|87|Made with fully-opaque fabric with a brilliant shine for everyday glam.|Bangladesh|50
Summer-Enchanted Satin Hijab|26.99|Gold|114|Made with fully-opaque fabric with a brilliant shine for everyday glam.|Bangladesh|50
Hijab Magnets-4 pack|14.5|Black|82|Strong and durable magnets to secure and keep your hijab in place all day long.|South Korea|50
Hijab Magnets-Multi size pack|12.9|Rose Gold|175|Strong and durable magnets to secure and keep your hijab in place all day long.|South Korea|50
Hijab Magnets-Quality pack|21.99|Silver|148|Strong and durable magnets to secure and keep your hijab in place all day long.|South Korea|50
Hijab Magnets-Special|7.99|Shiny Black|0|Strong and durable magnets to secure and keep your hijab in place all day long.|Japan|50
